<dwc:verbatimCoordinates>,<dwc:verbatimSRS>,<dwc:locality>,<dwc:locationID>,<dwc:country>,<dwc:countryCode>,<dwc:stateProvince>,<dwc:municipality>,<dwc:GeologicalContext>,<dwc:relatedResource>,ID_Sitio,<dwc:filo>,<dwc:class>,<dwc:order>,<dwc:family>,<dwc:genus>,<dwc:accessRights>,<dwc:collectionID>,<dwc:basisOfRecord>,<dwc:institutionCode>,<dwc:recordNumber>,<dwc:relatedResource>,<dwc:eventdate>,<dwc:year>,<dwc:locality>,<dwc:stateProvince>,<dwc:municipality>,<dwc:MaterialCitation>,<dwc:fieldNotes>,<dc:identifier> (PK),<dc:description>,<dc: type>,<dc:format>,<dc:source.localizacion>,<dc:coverage.spatial> (FK),<dc:coverage.temporal>,<dc:relation>,<dwc:accessRights>,<dwc:collectionID>,<dwc:basisOfRecord>,<dwc:relatedResource>,<dwc:eventdate>,<dwc:year>,<dwc:locality>,<dwc:stateProvince>,<dwc:municipality>,<dwc:MaterialCitation>,<dwc:fieldNotes>,<dc:resoruceidentifier> (PK),<dc:title> (FK),<dc:creator> (FK),<dc:creator> (FK),<dc:colaborator> (FK),<dc:subject> (FK),<dc:description>,<dc:date.created>,<dc: rightsholder>,<dc:audience>,<dc:format>,<dc:source.localizacion>,<dc:relation> (FK),<rda:identificadorDeLaObra> (PK),<rda:títuloDeLaObra>,<rda:creator>,<rda:fechaDeLaObra>,<frsad:concepto>,<rda:relaciónDeLaObra>,Colección (E78),<rda:titleManifestaciónApropiada> (PK),</rda:otherTitleInformationManifestation> <declaraciónDeManifestaciónDeResponsabilidad>>,<rda:persona> (FK),<rda:entidad corporativa> (FK),<fsad:subject> (FK),<rda:contentnature>,<rda:contentNote>,<rda:fechaPublicaciónManifestation>,<rda:mediaTypeManifestation>,<rda:identifierForTheManifestation>,<rda:nombreeditorManifestation>,<dc:relation> (FK),B_ID (PK),<rda:NoteManifestation>,Conceptual object apellation (E75) (PK),Actividad (E7) (PK),Time apellation (E49) (PK),Time primitive (E61) (SK)
"31°16'59""N 113°27'19""W",,"Fin del Mundo, Sonora",,México,MX,Sonora,Pitiquito,"Pleistoceno (13,300 años)",1AMA00020125,2ASA00035574,,,,,,,,,,,,,,,,,,,,,,,,,,,,,,,,,,,,,,,,,,,,,,,,,,,,,,,,,,,,,,,,,,,,,,,,Prehistoria,Hallazgo del Sitio Fin del Mundo Sonora,Pleistoceno,"2.59 millones de años-10,000 A.N.E."
"31°16'59""N 113°27'19""W",,"Fin del Mundo, Sonora",,México,MX,Sonora,Pitiquito,"Pleistoceno (13,300 años)",1AMA00020125,2ASA00035574,Chordata,Mammalia,Proboscidea,Gomphotheriidae †,Cuvieronius,INAH,SON:J:10:2 Fin del Mundo,INAH. Dirección de Registro Público de Monumentos y Zonas Arqueológicos e Históricos,INAH. Dirección de Registro Público de Monumentos y Zonas Arqueológicos e Históricos,,,05/02/2007,2007,"Fin del Mundo, Sonora",,Pitiquito,https://revistas.inah.gob.mx/index.php/senalesdehumo/article/download/16466/17502/34353,2007-0001,,,,,,,,,,,,,,,,,,,,,,,,,,,,,,,,,2007-0001,Proyecto Geoarqueología y Tecnología lítica de los sitios Paleoindios de Sonora,"Sánchez Miranda, María Guadalupe; Gains, Edmund; Vance T. Holliday, Vance; Carpenter, John P.",temporada de campo invierno 2007-2008,Cultura Clovis,"Sitio Prehistórico Fin del Mundo, Sonora",,,,,,,,,,,,,,,,Prehistoria,Hallazgo del Sitio Fin del Mundo Sonora,Pleistoceno,"2.59 millones de años-10,000 A.N.E."
"31°16'59""N 113°27'19""W",,"Fin del Mundo, Sonora",,México,MX,Sonora,Pitiquito,"Pleistoceno (13,300 años)",1AMA00020125,2ASA00035574,,,,,,,,,,,,,,,,,,,1AMA00020125,"Punta de proyectil  elaborada en cristal de cuarzo transparente, se localizó en la localidad 1 del sitio del Fin del Mundo. Los lasqueos que sirvieron para tallarla la convierten en un prisma que refleja y descompone la luz en colores similares a los del arco iris. (Arqueología Mexicana)",Pieza arqueológica,Artefacto. Punta de proyectil,Colección Arqueológica de la Subdirección de Laboratorios y Apoyo Académico,"Sitio Fin del Mundo, Sonora",3500-2100,AT-25-013,INAH,SON:J:10:2 Fin del Mundo,INAH. Dirección de Registro Público de Monumentos y Zonas Arqueológicos e Históricos,2ASA00035574,05/02/2007,2007,"Fin del Mundo, Sonora",Sonora,Pitiquito,https://revistas.inah.gob.mx/index.php/senalesdehumo/article/download/16466/17502/34353,2007-0001,AT-25-014,,,,,,,,,,,,,2007-0002,Proyecto Geoarqueología y Tecnología lítica de los sitios Paleoindios de Sonora,"Sánchez Miranda, María Guadalupe; Gains, Edmund; Vance T. Holliday, Vance; Carpenter, John P.",temporada de campo invierno 2007-2009,Cultura Clovis,"Sitio Prehistórico Fin del Mundo, Sonora",Textual,,,,,,,,,,,,,,,Prehistoria,Hallazgo del Sitio Fin del Mundo Sonora,Pleistoceno,"2.59 millones de años-10,000 A.N.E."
"31°16'59""N 113°27'19""W",,"Fin del Mundo, Sonora",,México,MX,Sonora,Pitiquito,"Pleistoceno (13,300 años)",1AMA00020125,2ASA00035574,,,,,,,,,,,,,,,,,,,,,,,,,,,,,,,,,,,,,,,,,,,,,,,,,,,2007-0001,Proyecto Geoarqueología y Tecnología lítica de los sitios Paleoindios de Sonora,"Sánchez Miranda, María Guadalupe; Gains, Edmund; Vance T. Holliday, Vance; Carpenter, John P.",temporada de campo invierno 2007-2008,Cultura Clovis,"Sitio Prehistórico Fin del Mundo, Sonora",,,,,,,,,,,,,,,,Prehistoria,Hallazgo del Sitio Fin del Mundo Sonora,Pleistoceno,"2.59 millones de años-10,000 A.N.E."
"31°16'59""N 113°27'19""W",,"Fin del Mundo, Sonora",,México,MX,Sonora,Pitiquito,"Pleistoceno (13,300 años)",1AMA00020125,2ASA00035574,,,,,,,,,,,,,,,,,,,,,,,,,,,,,,,,,,,,,,,,,,,,,,,,,,,2010-0001,"Proyecto Geoarqueología y Tecnología Lítica en el sitio Fin del Mundo, Sonora","Sánchez Miranda, María Guadalupe; Gains, Edmund; Vance T. Holliday, Vance; Carpenter, John P.",cinco temporadas 2010-2015,Prehistoria,"Sitio Prehistórico Fin del Mundo, Sonora",,,,,,,,,,,,,,,,Prehistoria,Hallazgo del Sitio Fin del Mundo Sonora,Pleistoceno,"2.59 millones de años-10,000 A.N.E."
"31°16'59""N 113°27'19""W",,"Fin del Mundo, Sonora",,México,MX,Sonora,Pitiquito,"Pleistoceno (13,300 años)",1AMA00020125,2ASA00035574,Chordata,Mammalia,Proboscidea,Gomphotheriidae †,Cuvieronius,INAH,SON:J:10:2 Fin del Mundo,INAH. Dirección de Registro Público de Monumentos y Zonas Arqueológicos e Históricos,INAH. Dirección de Registro Público de Monumentos y Zonas Arqueológicos e Históricos,,,05/02/2007,2007,"Fin del Mundo, Sonora",,Pitiquito,https://revistas.inah.gob.mx/index.php/senalesdehumo/article/download/16466/17502/34353,2007-0001,1AMA00020125,"Punta de proyectil  elaborada en cristal de cuarzo transparente, se localizó en la localidad 1 del sitio del Fin del Mundo. Los lasqueos que sirvieron para tallarla la convierten en un prisma que refleja y descompone la luz en colores similares a los del arco iris. (Arqueología Mexicana)",Pieza arqueológica,Artefacto. Punta de proyectil,Colección Arqueológica de la Subdirección de Laboratorios y Apoyo Académico,"Sitio Fin del Mundo, Sonora",3500-2100,AT-25-013,INAH,SON:J:10:2 Fin del Mundo,INAH. Dirección de Registro Público de Monumentos y Zonas Arqueológicos e Históricos,2ASA00035574,05/02/2007,2007,"Fin del Mundo, Sonora",Sonora,Pitiquito,https://revistas.inah.gob.mx/index.php/senalesdehumo/article/download/16466/17502/34353,2007-0001,AT-25-014, Informe de la temporada de campo invierno 2007-2008 en el sitio Fin del Mundo de octubre a diciembre 2008,"Sánchez Miranda, María Guadalupe; Gains, Edmund; Vance T. Holliday, Vance; Carpenter, John P. ",INAH. Universidad de Arizona,,Prehistoria,"Resultados de la excavación de restos de dos proboscidios, un caballo y un conejo del Pleistoceno Tardío, en la temporada de campo, invierno 2007-2008 de  sitio denominado Fin del Mundo, localizado en el Municipio de Pitiquito, Sonora, como parte del proyecto Geoarqueología y Tecnología Lítica de los sitios paleoindios de Sonora.",ago-08,Instituto Nacional de Antropología e Historia,Investigadores,Textual. Papel,Archivo Nacional de Arqueología,2007-0001,2007-0001,Proyecto Geoarqueología y Tecnología lítica de los sitios Paleoindios de Sonora,"Sánchez Miranda, María Guadalupe; Gains, Edmund; Vance T. Holliday, Vance; Carpenter, John P.",temporada de campo invierno 2007-2008,Cultura Clovis,"Sitio Prehistórico Fin del Mundo, Sonora",Textual,Geoarqueología y cambios ambientales del Pleistoceno tardío-Holoceno en el noroeste de México: Un enfoque paleopedológico,"Cruz y Cruz, Tamara","Cruz y Cruz, Tamara",Universidad Nacional Autónoma de México,Prehistoria,Tesis de Doctorado (Ciencias de la Tierra),Repositorio DGBSBI: TESISUNAM,2016,Textual. Digital,https://repositorio.unam.mx/contenidos/geoarqueologia-y-cambios-ambientales-del-pleistoceno-tardio-holoceno-en-el-noroeste-de-mexico-un-enfoque-paleopedol-97026?c=oWJMJK&d=true&q=*:*&i=1&v=1&t=search_0&as=0,Universidad Nacional Autónoma de México,AT-25-013,AR-03-0001,,Prehistoria,Hallazgo del Sitio Fin del Mundo Sonora,Holoceno,6000 a 900 A.N.E.
"31°16'59""N 113°27'19""W",,"Fin del Mundo, Sonora",,México,MX,Sonora,Pitiquito,"Pleistoceno (13,300 años)",1AMA00020125,2ASA00035574,Chordata,Mammalia,Proboscidea,Gomphotheriidae †,Cuvieronius,INAH,SON:J:10:2 Fin del Mundo,INAH. Dirección de Registro Público de Monumentos y Zonas Arqueológicos e Históricos,INAH. Dirección de Registro Público de Monumentos y Zonas Arqueológicos e Históricos,,,05/02/2007,2007,"Fin del Mundo, Sonora",,Pitiquito,https://revistas.inah.gob.mx/index.php/senalesdehumo/article/download/16466/17502/34353,2007-0001,1AMA00020125,"Punta de proyectil  elaborada en cristal de cuarzo transparente, se localizó en la localidad 1 del sitio del Fin del Mundo. Los lasqueos que sirvieron para tallarla la convierten en un prisma que refleja y descompone la luz en colores similares a los del arco iris. (Arqueología Mexicana)",Pieza arqueológica,Artefacto. Punta de proyectil,Colección Arqueológica de la Subdirección de Laboratorios y Apoyo Académico,"Sitio Fin del Mundo, Sonora",3500-2100,AT-25-013,INAH,SON:J:10:2 Fin del Mundo,INAH. Dirección de Registro Público de Monumentos y Zonas Arqueológicos e Históricos,2ASA00035574,05/02/2007,2007,"Fin del Mundo, Sonora",Sonora,Pitiquito,https://revistas.inah.gob.mx/index.php/senalesdehumo/article/download/16466/17502/34353,2007-0001,AT-25-018,"Informe de las actividades realizadas en la temporada II 2008 en el Sitio Fin del Mundo, Sonora. Octubre de 2010","Sánchez Miranda, Guadalupe; Holliday, Vance T.; Sánchez Morales, Ismael; Gaines, Edmund 
",INAH. Universidad de Arizona,,Prehistoria,"Resultados de la excavación de huesos de mamut y otros proboscidios (caballo equus y tapir tapirus, gonfoterio), en contextos arqueológicos (restos de lítica) del  Pleistoceno Tardío en el  sitio denominado Fin del Mundo, localizado en el Municipio de Pitiquito, Sonora, durante la temporada de campo 2008-2009. Registro geocronológico, paleoambiental, edafológico del período de transición de la época de hielo a la época Holocénica, como parte del proyecto Geoarqueología y Tecnología Lítica de los sitios paleoindios de Sonora",2009,Instituto Nacional de Antropología e Historia,Investigadores,Textual. Papel,Archivo Nacional de Arqueología,2007-0001,2010-0001,"Proyecto Geoarqueología y Tecnología Lítica en el sitio Fin del Mundo, Sonora","Sánchez Miranda, María Guadalupe; Gains, Edmund; Vance T. Holliday, Vance; Carpenter, John P.",cinco temporadas 2010-2015,Prehistoria,"Sitio Prehistórico Fin del Mundo, Sonora",Textual,"""Donde los humanos cazaron elefantes hace 12,000 años. El fin del mundo"" en Señales de Humo No. 25 (2011)","Sánchez Miranda, Guadalupe","Sánchez Miranda, Guadalupe",INAH.Centro INAH Sonora,Prehistoria,Artículo de revista,Mediateca INAH,2011,Textual. Digital,https://mediateca.inah.gob.mx/islandora_74/islandora/object/articulo%3A20925,INAH.Centro INAH Sonora,AT-25-018,AR-03-0002,,Cultura Clovis,,Holoceno,6000 a 900 A.N.E.
"31°16'59""N 113°27'19""W",,"Fin del Mundo, Sonora",,México,MX,Sonora,Pitiquito,"Pleistoceno (13,300 años)",1AMA00020125,2ASA00035574,Chordata,Mammalia,Proboscidea,Gomphotheriidae †,Cuvieronius,INAH,SON:J:10:2 Fin del Mundo,INAH. Dirección de Registro Público de Monumentos y Zonas Arqueológicos e Históricos,INAH. Dirección de Registro Público de Monumentos y Zonas Arqueológicos e Históricos,,,05/02/2007,2007,"Fin del Mundo, Sonora",,Pitiquito,https://revistas.inah.gob.mx/index.php/senalesdehumo/article/download/16466/17502/34353,2007-0001,1AMA00020125,"Punta de proyectil  elaborada en cristal de cuarzo transparente, se localizó en la localidad 1 del sitio del Fin del Mundo. Los lasqueos que sirvieron para tallarla la convierten en un prisma que refleja y descompone la luz en colores similares a los del arco iris. (Arqueología Mexicana)",Pieza arqueológica,Artefacto. Punta de proyectil,Colección Arqueológica de la Subdirección de Laboratorios y Apoyo Académico,"Sitio Fin del Mundo, Sonora",3500-2100,AT-25-013,INAH,SON:J:10:2 Fin del Mundo,INAH. Dirección de Registro Público de Monumentos y Zonas Arqueológicos e Históricos,2ASA00035574,05/02/2007,2007,"Fin del Mundo, Sonora",Sonora,Pitiquito,https://revistas.inah.gob.mx/index.php/senalesdehumo/article/download/16466/17502/34353,2007-0001,AT-25-022, Informe de la temporada de campo invierno 2007-2008 en el sitio Fin del Mundo de octubre a diciembre 2009,"Sánchez Miranda, María Guadalupe; Gains, Edmund; Vance T. Holliday, Vance; Carpenter, John P. ",INAH. Universidad de Arizona,,Prehistoria,"Resultados de la excavación de restos de dos proboscidios, un caballo y un conejo del Pleistoceno Tardío, en la temporada de campo, invierno 2007-2008 de  sitio denominado Fin del Mundo, localizado en el Municipio de Pitiquito, Sonora, como parte del proyecto Geoarqueología y Tecnología Lítica de los sitios paleoindios de Sonora.",sep-08,Instituto Nacional de Antropología e Historia,Investigadores,Textual. Papel,Archivo Nacional de Arqueología,2007-0001,2007-0002,Proyecto Geoarqueología y Tecnología lítica de los sitios Paleoindios de Sonora,"Sánchez Miranda, María Guadalupe; Gains, Edmund; Vance T. Holliday, Vance; Carpenter, John P.",temporada de campo invierno 2007-2009,Cultura Clovis,"Sitio Prehistórico Fin del Mundo, Sonora",Textual,"""Fin del Mundo"" en  Señales de Humo No. 28 (2012)","Sánchez, Guadalupe; Holliday, Vance; Martínez, Natalia; Sánchez, Ismael","Sánchez, Guadalupe; Holliday, Vance; Martínez, Natalia; Sánchez, Ismael",INAH. Centro INAH Sonora,Prehistoria,Artículo de revista,Mediateca INAH,2012,Textual. Digital,https://mediateca.inah.gob.mx/islandora_74/islandora/object/articulo%3A20893,INAH. Centro INAH Sonora,AT-25-018,AR-03-003,,Cultura Clovis,,Holoceno,6000 a 900 A.N.E.
"31°16'59""N 113°27'19""W",,"Fin del Mundo, Sonora",,México,MX,Sonora,Pitiquito,"Pleistoceno (13,300 años)",1AMA00020125,2ASA00035574,Chordata,Mammalia,Proboscidea,Gomphotheriidae †,Cuvieronius,INAH,SON:J:10:2 Fin del Mundo,INAH. Dirección de Registro Público de Monumentos y Zonas Arqueológicos e Históricos,INAH. Dirección de Registro Público de Monumentos y Zonas Arqueológicos e Históricos,,,05/02/2007,2007,"Fin del Mundo, Sonora",,Pitiquito,https://revistas.inah.gob.mx/index.php/senalesdehumo/article/download/16466/17502/34353,2007-0001,1AMA00020125,"Punta de proyectil  elaborada en cristal de cuarzo transparente, se localizó en la localidad 1 del sitio del Fin del Mundo. Los lasqueos que sirvieron para tallarla la convierten en un prisma que refleja y descompone la luz en colores similares a los del arco iris. (Arqueología Mexicana)",Pieza arqueológica,Artefacto. Punta de proyectil,Colección Arqueológica de la Subdirección de Laboratorios y Apoyo Académico,"Sitio Fin del Mundo, Sonora",3500-2100,AT-25-013,INAH,SON:J:10:2 Fin del Mundo,INAH. Dirección de Registro Público de Monumentos y Zonas Arqueológicos e Históricos,2ASA00035574,05/02/2007,2007,"Fin del Mundo, Sonora",Sonora,Pitiquito,https://revistas.inah.gob.mx/index.php/senalesdehumo/article/download/16466/17502/34353,2007-0001,AT-25-026,"Informe de las actividades realizadas en la temporada II 2008 en el Sitio Fin del Mundo, Sonora. Octubre de 2011","Sánchez Miranda, Guadalupe; Holliday, Vance T.; Sánchez Morales, Ismael; Gaines, Edmund 
",INAH. Universidad de Arizona,,Prehistoria,"Resultados de la excavación de huesos de mamut y otros proboscidios (caballo equus y tapir tapirus, gonfoterio), en contextos arqueológicos (restos de lítica) del  Pleistoceno Tardío en el  sitio denominado Fin del Mundo, localizado en el Municipio de Pitiquito, Sonora, durante la temporada de campo 2008-2009. Registro geocronológico, paleoambiental, edafológico del período de transición de la época de hielo a la época Holocénica, como parte del proyecto Geoarqueología y Tecnología Lítica de los sitios paleoindios de Sonora",2010,Instituto Nacional de Antropología e Historia,Investigadores,Textual. Papel,Archivo Nacional de Arqueología,2007-0001,2010-0002,"Proyecto Geoarqueología y Tecnología Lítica en el sitio Fin del Mundo, Sonora","Sánchez Miranda, María Guadalupe; Gains, Edmund; Vance T. Holliday, Vance; Carpenter, John P.",cinco temporadas 2010-2016,Prehistoria,"Sitio Prehistórico Fin del Mundo, Sonora",Textual,"""Fin del Mundo. Caza y destazamiento en el Pleistoceno"" en Arqueología Mexicana, núm. 97, pp. 46-49","Sánchez Miranda, Guadalupe; Gaines, Edmund P.; Holliday, Vance T.","Sánchez Miranda, Guadalupe; Gaines, Edmund P.; Holliday, Vance T.","Editorial Raíces, S.A. de C.V.",Prehistoria,Artículo de revista,Página web: Arqueología Mexicana,2015,Textual. Digital,https://arqueologiamexicana.mx/fin-del-mundo,"Editorial Raíces, S.A. de C.V.","Sitio Fin del Mundo, Sonora",AR-03-004,,Cultura Clovis,,Pleistoceno,"2.59 millones de años-10,000 A.N.E."
"31°16'59""N 113°27'19""W",,"Fin del Mundo, Sonora",,México,MX,Sonora,Pitiquito,"Pleistoceno (13,300 años)",1AMA00020125,2ASA00035574,Chordata,Mammalia,Proboscidea,Gomphotheriidae †,Cuvieronius,INAH,SON:J:10:2 Fin del Mundo,INAH. Dirección de Registro Público de Monumentos y Zonas Arqueológicos e Históricos,INAH. Dirección de Registro Público de Monumentos y Zonas Arqueológicos e Históricos,,,05/02/2007,2007,"Fin del Mundo, Sonora",,Pitiquito,https://revistas.inah.gob.mx/index.php/senalesdehumo/article/download/16466/17502/34353,2007-0001,1AMA00020125,"Punta de proyectil  elaborada en cristal de cuarzo transparente, se localizó en la localidad 1 del sitio del Fin del Mundo. Los lasqueos que sirvieron para tallarla la convierten en un prisma que refleja y descompone la luz en colores similares a los del arco iris. (Arqueología Mexicana)",Pieza arqueológica,Artefacto. Punta de proyectil,Colección Arqueológica de la Subdirección de Laboratorios y Apoyo Académico,"Sitio Fin del Mundo, Sonora",3500-2100,AT-25-013,INAH,SON:J:10:2 Fin del Mundo,INAH. Dirección de Registro Público de Monumentos y Zonas Arqueológicos e Históricos,2ASA00035574,05/02/2007,2007,"Fin del Mundo, Sonora",Sonora,Pitiquito,https://revistas.inah.gob.mx/index.php/senalesdehumo/article/download/16466/17502/34353,2007-0001,AT-25-030, Informe de la temporada de campo invierno 2007-2008 en el sitio Fin del Mundo de octubre a diciembre 2010,"Sánchez Miranda, María Guadalupe; Gains, Edmund; Vance T. Holliday, Vance; Carpenter, John P. ",INAH. Universidad de Arizona,,Prehistoria,"Resultados de la excavación de restos de dos proboscidios, un caballo y un conejo del Pleistoceno Tardío, en la temporada de campo, invierno 2007-2008 de  sitio denominado Fin del Mundo, localizado en el Municipio de Pitiquito, Sonora, como parte del proyecto Geoarqueología y Tecnología Lítica de los sitios paleoindios de Sonora.",oct-08,Instituto Nacional de Antropología e Historia,Investigadores,Textual. Papel,Archivo Nacional de Arqueología,2007-0001,2007-0003,Proyecto Geoarqueología y Tecnología lítica de los sitios Paleoindios de Sonora,"Sánchez Miranda, María Guadalupe; Gains, Edmund; Vance T. Holliday, Vance; Carpenter, John P.",temporada de campo invierno 2007-2010,Cultura Clovis,"Sitio Prehistórico Fin del Mundo, Sonora",Textual,"""Clovis Stone Tools from El Fin del Mundo, Sonora, Mexico: Site Use and Associations between Localities"" en  American Antiquity , Volume 87 , Issue 3 , July 2022 , pp. 523 - 543","Sánchez Morales, Ismael; Sánchez, Guadalupe; Holliday, Vance T.","Sánchez Morales, Ismael; Sánchez, Guadalupe; Holliday, Vance T.",Cambridge University Press,Prehistoria,Artículo de revista,Página web: Cambridge.org,2022,Textual. Digital,https://doi.org/10.1017/aaq.2022.2,Cambridge University Press,"Sitio Fin del Mundo, Sonora",AR-03-005,,Cultura Clovis,,Holoceno,6000 a 900 A.N.E.
"31°16'59""N 113°27'19""W",,"Fin del Mundo, Sonora",,México,MX,Sonora,Pitiquito,"Pleistoceno (13,300 años)",1AMA00020125,2ASA00035574,Chordata,Mammalia,Proboscidea,Gomphotheriidae †,Cuvieronius,INAH,SON:J:10:2 Fin del Mundo,INAH. Dirección de Registro Público de Monumentos y Zonas Arqueológicos e Históricos,INAH. Dirección de Registro Público de Monumentos y Zonas Arqueológicos e Históricos,,,05/02/2007,2007,"Fin del Mundo, Sonora",,Pitiquito,https://revistas.inah.gob.mx/index.php/senalesdehumo/article/download/16466/17502/34353,2007-0001,1AMA00020125,"Punta de proyectil  elaborada en cristal de cuarzo transparente, se localizó en la localidad 1 del sitio del Fin del Mundo. Los lasqueos que sirvieron para tallarla la convierten en un prisma que refleja y descompone la luz en colores similares a los del arco iris. (Arqueología Mexicana)",Pieza arqueológica,Artefacto. Punta de proyectil,Colección Arqueológica de la Subdirección de Laboratorios y Apoyo Académico,"Sitio Fin del Mundo, Sonora",3500-2100,AT-25-013,INAH,SON:J:10:2 Fin del Mundo,INAH. Dirección de Registro Público de Monumentos y Zonas Arqueológicos e Históricos,2ASA00035574,05/02/2007,2007,"Fin del Mundo, Sonora",Sonora,Pitiquito,https://revistas.inah.gob.mx/index.php/senalesdehumo/article/download/16466/17502/34353,2007-0001,AT-25-034,"Informe de las actividades realizadas en la temporada II 2008 en el Sitio Fin del Mundo, Sonora. Octubre de 2012","Sánchez Miranda, Guadalupe; Holliday, Vance T.; Sánchez Morales, Ismael; Gaines, Edmund 
",INAH. Universidad de Arizona,,Prehistoria,"Resultados de la excavación de huesos de mamut y otros proboscidios (caballo equus y tapir tapirus, gonfoterio), en contextos arqueológicos (restos de lítica) del  Pleistoceno Tardío en el  sitio denominado Fin del Mundo, localizado en el Municipio de Pitiquito, Sonora, durante la temporada de campo 2008-2009. Registro geocronológico, paleoambiental, edafológico del período de transición de la época de hielo a la época Holocénica, como parte del proyecto Geoarqueología y Tecnología Lítica de los sitios paleoindios de Sonora",2011,Instituto Nacional de Antropología e Historia,Investigadores,Textual. Papel,Archivo Nacional de Arqueología,2007-0001,2010-0003,"Proyecto Geoarqueología y Tecnología Lítica en el sitio Fin del Mundo, Sonora","Sánchez Miranda, María Guadalupe; Gains, Edmund; Vance T. Holliday, Vance; Carpenter, John P.",cinco temporadas 2010-2017,Prehistoria,"Sitio Prehistórico Fin del Mundo, Sonora",Textual,"""Respuesta de los procesos superficiales a los cambios del paisaje holoceno en Sonora: evidencias de las secuencias paleosuelo-sedimentarias en los sitios arqueológicos El Fin del Mundo y El Gramal"" en Revista de Ciencias de la Tierra Sudamericana
Volumen 104, diciembre 2020 , 102947","Ibarra-Arzave, Georgina; Solleiro-Rebolledo, Elizabeth; Sánchez, Guadalupe; Sedov, Sergey; Golyeva, Alexandra; Sánchez Morales, Ismael; Carpenter, John; Chávez-Vergara, Bruno","Ibarra-Arzave, Georgina; Solleiro-Rebolledo, Elizabeth; Sánchez, Guadalupe; Sedov, Sergey; Golyeva, Alexandra; Sánchez Morales, Ismael; Carpenter, John; Chávez-Vergara, Bruno",Elsevier,Prehistoria,Artículo de revista,Repositorio: Science Direct ,dic-20,Textual. Digital,https://www.sciencedirect.com/science/article/abs/pii/S0895981120304909,Elsevier,"Sitio Fin del Mundo, Sonora",AR-03-006,,Cultura Clovis,,Holoceno,6000 a 900 A.N.E.
"31°16'59""N 113°27'19""W",,"Fin del Mundo, Sonora",,México,MX,Sonora,Pitiquito,"Pleistoceno (13,300 años)",1AMA00020125,2ASA00035574,Chordata,Mammalia,Proboscidea,Gomphotheriidae †,Cuvieronius,INAH,SON:J:10:2 Fin del Mundo,INAH. Dirección de Registro Público de Monumentos y Zonas Arqueológicos e Históricos,INAH. Dirección de Registro Público de Monumentos y Zonas Arqueológicos e Históricos,,,05/02/2007,2007,"Fin del Mundo, Sonora",,Pitiquito,https://revistas.inah.gob.mx/index.php/senalesdehumo/article/download/16466/17502/34353,2007-0001,1AMA00020125,"Punta de proyectil  elaborada en cristal de cuarzo transparente, se localizó en la localidad 1 del sitio del Fin del Mundo. Los lasqueos que sirvieron para tallarla la convierten en un prisma que refleja y descompone la luz en colores similares a los del arco iris. (Arqueología Mexicana)",Pieza arqueológica,Artefacto. Punta de proyectil,Colección Arqueológica de la Subdirección de Laboratorios y Apoyo Académico,"Sitio Fin del Mundo, Sonora",3500-2100,AT-25-013,INAH,SON:J:10:2 Fin del Mundo,INAH. Dirección de Registro Público de Monumentos y Zonas Arqueológicos e Históricos,2ASA00035574,05/02/2007,2007,"Fin del Mundo, Sonora",Sonora,Pitiquito,https://revistas.inah.gob.mx/index.php/senalesdehumo/article/download/16466/17502/34353,2007-0001,AT-25-038, Informe de la temporada de campo invierno 2007-2008 en el sitio Fin del Mundo de octubre a diciembre 2011,"Sánchez Miranda, María Guadalupe; Gains, Edmund; Vance T. Holliday, Vance; Carpenter, John P. ",INAH. Universidad de Arizona,,Prehistoria,"Resultados de la excavación de restos de dos proboscidios, un caballo y un conejo del Pleistoceno Tardío, en la temporada de campo, invierno 2007-2008 de  sitio denominado Fin del Mundo, localizado en el Municipio de Pitiquito, Sonora, como parte del proyecto Geoarqueología y Tecnología Lítica de los sitios paleoindios de Sonora.",nov-08,Instituto Nacional de Antropología e Historia,Investigadores,Textual. Papel,Archivo Nacional de Arqueología,2007-0001,2007-0004,Proyecto Geoarqueología y Tecnología lítica de los sitios Paleoindios de Sonora,"Sánchez Miranda, María Guadalupe; Gains, Edmund; Vance T. Holliday, Vance; Carpenter, John P.",temporada de campo invierno 2007-2011,Cultura Clovis,"Sitio Prehistórico Fin del Mundo, Sonora",Textual,"Cambio climático y arqueología en el Desierto de Sonora. Anales De Antropología, 52(2), 37–53","Villalobos Acosta, César","Villalobos Acosta, César",Universidad Nacional Autónoma de México,Prehistoria,Artículo de revista,Repositorio: Revistas UNAM,2018,Textual. Digital,https://doi.org/10.22201/iia.24486221e.2018.2.62470,Universidad Nacional Autónoma de México,"Sitio Fin del Mundo, Sonora",AR-03-007,,Prehistoria,,Holoceno,6000 a 900 A.N.E.
"31°16'59""N 113°27'19""W",,"Fin del Mundo, Sonora",,México,MX,Sonora,Pitiquito,"Pleistoceno (13,300 años)",1AMA00020125,2ASA00035574,Chordata,Mammalia,Proboscidea,Gomphotheriidae †,Cuvieronius,INAH,SON:J:10:2 Fin del Mundo,INAH. Dirección de Registro Público de Monumentos y Zonas Arqueológicos e Históricos,INAH. Dirección de Registro Público de Monumentos y Zonas Arqueológicos e Históricos,,,05/02/2007,2007,"Fin del Mundo, Sonora",,Pitiquito,https://revistas.inah.gob.mx/index.php/senalesdehumo/article/download/16466/17502/34353,2007-0001,1AMA00020125,"Punta de proyectil  elaborada en cristal de cuarzo transparente, se localizó en la localidad 1 del sitio del Fin del Mundo. Los lasqueos que sirvieron para tallarla la convierten en un prisma que refleja y descompone la luz en colores similares a los del arco iris. (Arqueología Mexicana)",Pieza arqueológica,Artefacto. Punta de proyectil,Colección Arqueológica de la Subdirección de Laboratorios y Apoyo Académico,"Sitio Fin del Mundo, Sonora",3500-2100,AT-25-013,INAH,SON:J:10:2 Fin del Mundo,INAH. Dirección de Registro Público de Monumentos y Zonas Arqueológicos e Históricos,2ASA00035574,05/02/2007,2007,"Fin del Mundo, Sonora",Sonora,Pitiquito,https://revistas.inah.gob.mx/index.php/senalesdehumo/article/download/16466/17502/34353,2007-0001,AT-25-042,"Informe de las actividades realizadas en la temporada II 2008 en el Sitio Fin del Mundo, Sonora. Octubre de 2013","Sánchez Miranda, Guadalupe; Holliday, Vance T.; Sánchez Morales, Ismael; Gaines, Edmund 
",INAH. Universidad de Arizona,,Prehistoria,"Resultados de la excavación de huesos de mamut y otros proboscidios (caballo equus y tapir tapirus, gonfoterio), en contextos arqueológicos (restos de lítica) del  Pleistoceno Tardío en el  sitio denominado Fin del Mundo, localizado en el Municipio de Pitiquito, Sonora, durante la temporada de campo 2008-2009. Registro geocronológico, paleoambiental, edafológico del período de transición de la época de hielo a la época Holocénica, como parte del proyecto Geoarqueología y Tecnología Lítica de los sitios paleoindios de Sonora",2012,Instituto Nacional de Antropología e Historia,Investigadores,Textual. Papel,Archivo Nacional de Arqueología,2007-0001,2010-0004,"Proyecto Geoarqueología y Tecnología Lítica en el sitio Fin del Mundo, Sonora","Sánchez Miranda, María Guadalupe; Gains, Edmund; Vance T. Holliday, Vance; Carpenter, John P.",cinco temporadas 2010-2018,Prehistoria,"Sitio Prehistórico Fin del Mundo, Sonora",Textual,"""Paleoambiente en cuatro sitios mexicanos del Pleistoceno tardío con actividad humana inferidos a partir de la fauna"" en Boletín de la Sociedad Geológica Mexicana, 71(2), 343-358.","Pérez-Crespo, Víctor Adrián; Morales-Puente, Pedro; Arroyo-Cabrales, Joaquín; Ochoa-Castillo, Patricia","Pérez-Crespo, Víctor Adrián; Morales-Puente, Pedro; Arroyo-Cabrales, Joaquín; Ochoa-Castillo, Patricia",Universidad Nacional Autónoma de México,Prehistoria,Artículo de revista,Página web: Boletín de la Sociedad Geológica Mexicana,2019,Textual. Digital,https://doi.org/10.18268/bsgm2019v71n2a7,Universidad Nacional Autónoma de México,"Sitio Fin del Mundo, Sonora",AR-03-008,,Prehistoria,,Pleistoceno,"2.59 millones de años-10,000 A.N.E."
"31°16'59""N 113°27'19""W",,"Fin del Mundo, Sonora",,México,MX,Sonora,Pitiquito,"Pleistoceno (13,300 años)",1AMA00020125,2ASA00035574,Chordata,Mammalia,Proboscidea,Gomphotheriidae †,Cuvieronius,INAH,SON:J:10:2 Fin del Mundo,INAH. Dirección de Registro Público de Monumentos y Zonas Arqueológicos e Históricos,INAH. Dirección de Registro Público de Monumentos y Zonas Arqueológicos e Históricos,,,05/02/2007,2007,"Fin del Mundo, Sonora",,Pitiquito,https://revistas.inah.gob.mx/index.php/senalesdehumo/article/download/16466/17502/34353,2007-0001,1AMA00020125,"Punta de proyectil  elaborada en cristal de cuarzo transparente, se localizó en la localidad 1 del sitio del Fin del Mundo. Los lasqueos que sirvieron para tallarla la convierten en un prisma que refleja y descompone la luz en colores similares a los del arco iris. (Arqueología Mexicana)",Pieza arqueológica,Artefacto. Punta de proyectil,Colección Arqueológica de la Subdirección de Laboratorios y Apoyo Académico,"Sitio Fin del Mundo, Sonora",3500-2100,AT-25-013,INAH,SON:J:10:2 Fin del Mundo,INAH. Dirección de Registro Público de Monumentos y Zonas Arqueológicos e Históricos,2ASA00035574,05/02/2007,2007,"Fin del Mundo, Sonora",Sonora,Pitiquito,https://revistas.inah.gob.mx/index.php/senalesdehumo/article/download/16466/17502/34353,2007-0001,AT-25-046, Informe de la temporada de campo invierno 2007-2008 en el sitio Fin del Mundo de octubre a diciembre 2012,"Sánchez Miranda, María Guadalupe; Gains, Edmund; Vance T. Holliday, Vance; Carpenter, John P. ",INAH. Universidad de Arizona,,Prehistoria,"Resultados de la excavación de restos de dos proboscidios, un caballo y un conejo del Pleistoceno Tardío, en la temporada de campo, invierno 2007-2008 de  sitio denominado Fin del Mundo, localizado en el Municipio de Pitiquito, Sonora, como parte del proyecto Geoarqueología y Tecnología Lítica de los sitios paleoindios de Sonora.",dic-08,Instituto Nacional de Antropología e Historia,Investigadores,Textual. Papel,Archivo Nacional de Arqueología,2007-0001,2007-0005,Proyecto Geoarqueología y Tecnología lítica de los sitios Paleoindios de Sonora,"Sánchez Miranda, María Guadalupe; Gains, Edmund; Vance T. Holliday, Vance; Carpenter, John P.",temporada de campo invierno 2007-2012,Cultura Clovis,"Sitio Prehistórico Fin del Mundo, Sonora",Textual,"Human (Clovis)–gomphothere (Cuvieronius sp.) association ?13,390 calibrated yBP in Sonora, Mexico. Proceedings of the National  Academic of Sciences of the USA (PNAS).111 (30) 10972-10977","Sanchez, Guadalupe; Holliday  Vance T; Gaines, Edmund P.; Sanchez-Morales, Ismael
","Sanchez, Guadalupe; Holliday  Vance T; Gaines, Edmund P.; Sanchez-Morales, Ismael
",Proceedings of the National  Academic of Sciences of the USA (PNAS),Prehistoria,Artículo de revista,Página web: PNAS,jul-14,Textual. Digital,https://doi.org/10.1073/pnas.1404546111,Proceedings of the National  Academic of Sciences of the USA (PNAS),"Sitio Fin del Mundo, Sonora",AR-03-009,,Cultura Clovis,,Pleistoceno,"2.59 millones de años-10,000 A.N.E."
"31°16'59""N 113°27'19""W",,"Fin del Mundo, Sonora",,México,MX,Sonora,Pitiquito,"Pleistoceno (13,300 años)",1AMA00020125,2ASA00035574,Chordata,Mammalia,Proboscidea,Gomphotheriidae †,Cuvieronius,INAH,SON:J:10:2 Fin del Mundo,INAH. Dirección de Registro Público de Monumentos y Zonas Arqueológicos e Históricos,INAH. Dirección de Registro Público de Monumentos y Zonas Arqueológicos e Históricos,,,05/02/2007,2007,"Fin del Mundo, Sonora",,Pitiquito,https://revistas.inah.gob.mx/index.php/senalesdehumo/article/download/16466/17502/34353,2007-0001,1AMA00020125,"Punta de proyectil  elaborada en cristal de cuarzo transparente, se localizó en la localidad 1 del sitio del Fin del Mundo. Los lasqueos que sirvieron para tallarla la convierten en un prisma que refleja y descompone la luz en colores similares a los del arco iris. (Arqueología Mexicana)",Pieza arqueológica,Artefacto. Punta de proyectil,Colección Arqueológica de la Subdirección de Laboratorios y Apoyo Académico,"Sitio Fin del Mundo, Sonora",3500-2100,AT-25-013,INAH,SON:J:10:2 Fin del Mundo,INAH. Dirección de Registro Público de Monumentos y Zonas Arqueológicos e Históricos,2ASA00035574,05/02/2007,2007,"Fin del Mundo, Sonora",Sonora,Pitiquito,https://revistas.inah.gob.mx/index.php/senalesdehumo/article/download/16466/17502/34353,2007-0001,AT-25-050,"Informe de las actividades realizadas en la temporada II 2008 en el Sitio Fin del Mundo, Sonora. Octubre de 2014","Sánchez Miranda, Guadalupe; Holliday, Vance T.; Sánchez Morales, Ismael; Gaines, Edmund 
",INAH. Universidad de Arizona,,Prehistoria,"Resultados de la excavación de huesos de mamut y otros proboscidios (caballo equus y tapir tapirus, gonfoterio), en contextos arqueológicos (restos de lítica) del  Pleistoceno Tardío en el  sitio denominado Fin del Mundo, localizado en el Municipio de Pitiquito, Sonora, durante la temporada de campo 2008-2009. Registro geocronológico, paleoambiental, edafológico del período de transición de la época de hielo a la época Holocénica, como parte del proyecto Geoarqueología y Tecnología Lítica de los sitios paleoindios de Sonora",2013,Instituto Nacional de Antropología e Historia,Investigadores,Textual. Papel,Archivo Nacional de Arqueología,2007-0001,2010-0005,"Proyecto Geoarqueología y Tecnología Lítica en el sitio Fin del Mundo, Sonora","Sánchez Miranda, María Guadalupe; Gains, Edmund; Vance T. Holliday, Vance; Carpenter, John P.",cinco temporadas 2010-2019,Prehistoria,"Sitio Prehistórico Fin del Mundo, Sonora",Textual,"""The Clovis Lithic Assemblage from El Fin del Mundo, Sonora, Mexico: Evidence of Upland Campsite Localities"". PaleoAmerica. A journal of early human migration and dispersal. Volume 4. Pages 76-81 ","Sánchez Morales, Ismael","Sánchez Morales, Ismael",Center for the Study of the First Americans,Prehistoria,Artículo de revista,Repositorio: Taylor & Francis Online,2018,Textual. Digital,https://doi.org/10.1080/20555563.2017.1412769,Center for the Study of the First Americans,"Sitio Fin del Mundo, Sonora",AR-03-010,,Cultura Clovis,,Holoceno,6000 a 900 A.N.E.
"31°16'59""N 113°27'19""W",,"Fin del Mundo, Sonora",,México,MX,Sonora,Pitiquito,"Pleistoceno (13,300 años)",1AMA00020125,2ASA00035574,Chordata,Mammalia,Proboscidea,Gomphotheriidae †,Cuvieronius,INAH,SON:J:10:2 Fin del Mundo,INAH. Dirección de Registro Público de Monumentos y Zonas Arqueológicos e Históricos,INAH. Dirección de Registro Público de Monumentos y Zonas Arqueológicos e Históricos,,,05/02/2007,2007,"Fin del Mundo, Sonora",,Pitiquito,https://revistas.inah.gob.mx/index.php/senalesdehumo/article/download/16466/17502/34353,2007-0001,1AMA00020125,"Punta de proyectil  elaborada en cristal de cuarzo transparente, se localizó en la localidad 1 del sitio del Fin del Mundo. Los lasqueos que sirvieron para tallarla la convierten en un prisma que refleja y descompone la luz en colores similares a los del arco iris. (Arqueología Mexicana)",Pieza arqueológica,Artefacto. Punta de proyectil,Colección Arqueológica de la Subdirección de Laboratorios y Apoyo Académico,"Sitio Fin del Mundo, Sonora",3500-2100,AT-25-013,INAH,SON:J:10:2 Fin del Mundo,INAH. Dirección de Registro Público de Monumentos y Zonas Arqueológicos e Históricos,2ASA00035574,05/02/2007,2007,"Fin del Mundo, Sonora",Sonora,Pitiquito,https://revistas.inah.gob.mx/index.php/senalesdehumo/article/download/16466/17502/34353,2007-0001,AT-25-054, Informe de la temporada de campo invierno 2007-2008 en el sitio Fin del Mundo de octubre a diciembre 2013,"Sánchez Miranda, María Guadalupe; Gains, Edmund; Vance T. Holliday, Vance; Carpenter, John P. ",INAH. Universidad de Arizona,,Prehistoria,"Resultados de la excavación de restos de dos proboscidios, un caballo y un conejo del Pleistoceno Tardío, en la temporada de campo, invierno 2007-2008 de  sitio denominado Fin del Mundo, localizado en el Municipio de Pitiquito, Sonora, como parte del proyecto Geoarqueología y Tecnología Lítica de los sitios paleoindios de Sonora.",ene-09,Instituto Nacional de Antropología e Historia,Investigadores,Textual. Papel,Archivo Nacional de Arqueología,2007-0001,2007-0006,Proyecto Geoarqueología y Tecnología lítica de los sitios Paleoindios de Sonora,"Sánchez Miranda, María Guadalupe; Gains, Edmund; Vance T. Holliday, Vance; Carpenter, John P.",temporada de campo invierno 2007-2013,Cultura Clovis,"Sitio Prehistórico Fin del Mundo, Sonora",Textual,"""Clovis at the end of the world"". Proceedings of the National  Academic of Sciences of the USA (PNAS) 111 ( 34 ) 12276 - 12277. ","Meltzer, David J.","Meltzer, David J.",Proceedings of the National  Academic of Sciences of the USA (PNAS),Prehistoria,Artículo de revista,Página web: PNAS,13/08/2014,Textual. Digital,https://doi.org/10.1073/pnas.1412945111,Proceedings of the National  Academic of Sciences of the USA (PNAS),F-03-001,AR-03-011,,Cultura Clovis,,Pleistoceno,"2.59 millones de años-10,000 A.N.E."
"31°16'59""N 113°27'19""W",,"Fin del Mundo, Sonora",,México,MX,Sonora,Pitiquito,"Pleistoceno (13,300 años)",1AMA00020125,2ASA00035574,Chordata,Mammalia,Proboscidea,Gomphotheriidae †,Cuvieronius,INAH,SON:J:10:2 Fin del Mundo,INAH. Dirección de Registro Público de Monumentos y Zonas Arqueológicos e Históricos,INAH. Dirección de Registro Público de Monumentos y Zonas Arqueológicos e Históricos,,,05/02/2007,2007,"Fin del Mundo, Sonora",,Pitiquito,https://revistas.inah.gob.mx/index.php/senalesdehumo/article/download/16466/17502/34353,2007-0001,1AMA00020125,"Punta de proyectil  elaborada en cristal de cuarzo transparente, se localizó en la localidad 1 del sitio del Fin del Mundo. Los lasqueos que sirvieron para tallarla la convierten en un prisma que refleja y descompone la luz en colores similares a los del arco iris. (Arqueología Mexicana)",Pieza arqueológica,Artefacto. Punta de proyectil,Colección Arqueológica de la Subdirección de Laboratorios y Apoyo Académico,"Sitio Fin del Mundo, Sonora",3500-2100,AT-25-013,INAH,SON:J:10:2 Fin del Mundo,INAH. Dirección de Registro Público de Monumentos y Zonas Arqueológicos e Históricos,2ASA00035574,05/02/2007,2007,"Fin del Mundo, Sonora",Sonora,Pitiquito,https://revistas.inah.gob.mx/index.php/senalesdehumo/article/download/16466/17502/34353,2007-0001,AT-25-058,"Informe de las actividades realizadas en la temporada II 2008 en el Sitio Fin del Mundo, Sonora. Octubre de 2015","Sánchez Miranda, Guadalupe; Holliday, Vance T.; Sánchez Morales, Ismael; Gaines, Edmund 
",INAH. Universidad de Arizona,,Prehistoria,"Resultados de la excavación de huesos de mamut y otros proboscidios (caballo equus y tapir tapirus, gonfoterio), en contextos arqueológicos (restos de lítica) del  Pleistoceno Tardío en el  sitio denominado Fin del Mundo, localizado en el Municipio de Pitiquito, Sonora, durante la temporada de campo 2008-2009. Registro geocronológico, paleoambiental, edafológico del período de transición de la época de hielo a la época Holocénica, como parte del proyecto Geoarqueología y Tecnología Lítica de los sitios paleoindios de Sonora",2014,Instituto Nacional de Antropología e Historia,Investigadores,Textual. Papel,Archivo Nacional de Arqueología,2007-0001,2010-0006,"Proyecto Geoarqueología y Tecnología Lítica en el sitio Fin del Mundo, Sonora","Sánchez Miranda, María Guadalupe; Gains, Edmund; Vance T. Holliday, Vance; Carpenter, John P.",cinco temporadas 2010-2020,Prehistoria,"Sitio Prehistórico Fin del Mundo, Sonora",Textual,"""El Fin del Mundo, Sonora. Cazadores clovis de megafauna del Pleistoceno Terminal"" en Arqueología Mexicana, núm. 97, pp. 49-50","Sánchez Miranda, Guadalupe; Gaines, Edmund P.; Holliday, Vance T.","Sánchez Miranda, Guadalupe; Gaines, Edmund P.; Holliday, Vance T.","Editorial Raíces, S.A. de C.V.",Prehistoria,Artículo de revista,Página web: Arqueología Mexicana,Mayo-Junio 2009,Textual. Digital,https://arqueologiamexicana.mx/mexico-antiguo/el-fin-del-mundo-sonora-cazadores-clovis-de-megafauna-del-pleistoceno-terminal,"Editorial Raíces, S.A. de C.V.",F-03-001,AR-03-012,,Cultura Clovis,,Pleistoceno,"2.59 millones de años-10,000 A.N.E."
"31°16'59""N 113°27'19""W",,"Fin del Mundo, Sonora",,México,MX,Sonora,Pitiquito,"Pleistoceno (13,300 años)",1AMA00020125,2ASA00035574,Chordata,Mammalia,Proboscidea,Gomphotheriidae †,Cuvieronius,INAH,SON:J:10:2 Fin del Mundo,INAH. Dirección de Registro Público de Monumentos y Zonas Arqueológicos e Históricos,INAH. Dirección de Registro Público de Monumentos y Zonas Arqueológicos e Históricos,,,05/02/2007,2007,"Fin del Mundo, Sonora",,Pitiquito,https://revistas.inah.gob.mx/index.php/senalesdehumo/article/download/16466/17502/34353,2007-0001,1AMA00020125,"Punta de proyectil  elaborada en cristal de cuarzo transparente, se localizó en la localidad 1 del sitio del Fin del Mundo. Los lasqueos que sirvieron para tallarla la convierten en un prisma que refleja y descompone la luz en colores similares a los del arco iris. (Arqueología Mexicana)",Pieza arqueológica,Artefacto. Punta de proyectil,Colección Arqueológica de la Subdirección de Laboratorios y Apoyo Académico,"Sitio Fin del Mundo, Sonora",3500-2100,AT-25-013,INAH,SON:J:10:2 Fin del Mundo,INAH. Dirección de Registro Público de Monumentos y Zonas Arqueológicos e Históricos,2ASA00035574,05/02/2007,2007,"Fin del Mundo, Sonora",Sonora,Pitiquito,https://revistas.inah.gob.mx/index.php/senalesdehumo/article/download/16466/17502/34353,2007-0001,AT-25-062, Informe de la temporada de campo invierno 2007-2008 en el sitio Fin del Mundo de octubre a diciembre 2014,"Sánchez Miranda, María Guadalupe; Gains, Edmund; Vance T. Holliday, Vance; Carpenter, John P. ",INAH. Universidad de Arizona,,Prehistoria,"Resultados de la excavación de restos de dos proboscidios, un caballo y un conejo del Pleistoceno Tardío, en la temporada de campo, invierno 2007-2008 de  sitio denominado Fin del Mundo, localizado en el Municipio de Pitiquito, Sonora, como parte del proyecto Geoarqueología y Tecnología Lítica de los sitios paleoindios de Sonora.",feb-09,Instituto Nacional de Antropología e Historia,Investigadores,Textual. Papel,Archivo Nacional de Arqueología,2007-0001,2007-0007,Proyecto Geoarqueología y Tecnología lítica de los sitios Paleoindios de Sonora,"Sánchez Miranda, María Guadalupe; Gains, Edmund; Vance T. Holliday, Vance; Carpenter, John P.",temporada de campo invierno 2007-2014,Cultura Clovis,"Sitio Prehistórico Fin del Mundo, Sonora",Textual,El Cristal de Cuarzo del Fin del Mundo,Arqueología Mexicana,"Sánchez Miranda, Guadalupe; Gaines, Edmund P.; Holliday, Vance T.","Editorial Raíces, S.A. de C.V.",Prehistoria,Editorial de revista,Página web: Arqueología Mexicana,Mayo-Junio 2009,Textual. Digital,https://arqueologiamexicana.mx/mexico-antiguo/el-cristal-de-cuarzo-del-fin-del-mundo,"Editorial Raíces, S.A. de C.V.",F-03-001,AR-03-013,,Cultura Clovis,,Pleistoceno,"2.59 millones de años-10,000 A.N.E."
"31°16'59""N 113°27'19""W",,"Fin del Mundo, Sonora",,México,MX,Sonora,Pitiquito,"Pleistoceno (13,300 años)",1AMA00020125,2ASA00035574,Chordata,Mammalia,Proboscidea,Gomphotheriidae †,Cuvieronius,INAH,SON:J:10:2 Fin del Mundo,INAH. Dirección de Registro Público de Monumentos y Zonas Arqueológicos e Históricos,INAH. Dirección de Registro Público de Monumentos y Zonas Arqueológicos e Históricos,,,05/02/2007,2007,"Fin del Mundo, Sonora",,Pitiquito,https://revistas.inah.gob.mx/index.php/senalesdehumo/article/download/16466/17502/34353,2007-0001,1AMA00020125,"Punta de proyectil  elaborada en cristal de cuarzo transparente, se localizó en la localidad 1 del sitio del Fin del Mundo. Los lasqueos que sirvieron para tallarla la convierten en un prisma que refleja y descompone la luz en colores similares a los del arco iris. (Arqueología Mexicana)",Pieza arqueológica,Artefacto. Punta de proyectil,Colección Arqueológica de la Subdirección de Laboratorios y Apoyo Académico,"Sitio Fin del Mundo, Sonora",3500-2100,AT-25-013,INAH,SON:J:10:2 Fin del Mundo,INAH. Dirección de Registro Público de Monumentos y Zonas Arqueológicos e Históricos,2ASA00035574,05/02/2007,2007,"Fin del Mundo, Sonora",Sonora,Pitiquito,https://revistas.inah.gob.mx/index.php/senalesdehumo/article/download/16466/17502/34353,2007-0001,AT-25-066,"Informe de las actividades realizadas en la temporada II 2008 en el Sitio Fin del Mundo, Sonora. Octubre de 2016","Sánchez Miranda, Guadalupe; Holliday, Vance T.; Sánchez Morales, Ismael; Gaines, Edmund 
",INAH. Universidad de Arizona,,Prehistoria,"Resultados de la excavación de huesos de mamut y otros proboscidios (caballo equus y tapir tapirus, gonfoterio), en contextos arqueológicos (restos de lítica) del  Pleistoceno Tardío en el  sitio denominado Fin del Mundo, localizado en el Municipio de Pitiquito, Sonora, durante la temporada de campo 2008-2009. Registro geocronológico, paleoambiental, edafológico del período de transición de la época de hielo a la época Holocénica, como parte del proyecto Geoarqueología y Tecnología Lítica de los sitios paleoindios de Sonora",2015,Instituto Nacional de Antropología e Historia,Investigadores,Textual. Papel,Archivo Nacional de Arqueología,2007-0001,2010-0007,"Proyecto Geoarqueología y Tecnología Lítica en el sitio Fin del Mundo, Sonora","Sánchez Miranda, María Guadalupe; Gains, Edmund; Vance T. Holliday, Vance; Carpenter, John P.",cinco temporadas 2010-2021,Prehistoria,"Sitio Prehistórico Fin del Mundo, Sonora",Textual,Señales de Humo No. 28 (2012). Hallazgos en el Fin del Mundo. Arqueólogos encuentran otra punta clovis,"INAH. Centro INAH Sonora. Sánchez Miranda, Guadalupe; Gaines, Edmund P.; Holliday, Vance T.","Sánchez Miranda, Guadalupe; Gaines, Edmund P.; Holliday, Vance T.",INAH. Centro INAH Sonora,Prehistoria,Revista,Mediateca INAH,2012,Textual. Digital,https://mediateca.inah.gob.mx/islandora_74/islandora/object/issue%3A2235,INAH. Centro INAH Sonora,"Sitio Fin del Mundo, Sonora",R-03-0001,,Cultura Clovis,,Holoceno,6000 a 900 A.N.E.
"31°16'59""N 113°27'19""W",,"Fin del Mundo, Sonora",,México,MX,Sonora,Pitiquito,"Pleistoceno (13,300 años)",1AMA00020125,2ASA00035574,Chordata,Mammalia,Proboscidea,Gomphotheriidae †,Cuvieronius,INAH,SON:J:10:2 Fin del Mundo,INAH. Dirección de Registro Público de Monumentos y Zonas Arqueológicos e Históricos,INAH. Dirección de Registro Público de Monumentos y Zonas Arqueológicos e Históricos,,,05/02/2007,2007,"Fin del Mundo, Sonora",,Pitiquito,https://revistas.inah.gob.mx/index.php/senalesdehumo/article/download/16466/17502/34353,2007-0001,1AMA00020125,"Punta de proyectil  elaborada en cristal de cuarzo transparente, se localizó en la localidad 1 del sitio del Fin del Mundo. Los lasqueos que sirvieron para tallarla la convierten en un prisma que refleja y descompone la luz en colores similares a los del arco iris. (Arqueología Mexicana)",Pieza arqueológica,Artefacto. Punta de proyectil,Colección Arqueológica de la Subdirección de Laboratorios y Apoyo Académico,"Sitio Fin del Mundo, Sonora",3500-2100,AT-25-013,INAH,SON:J:10:2 Fin del Mundo,INAH. Dirección de Registro Público de Monumentos y Zonas Arqueológicos e Históricos,2ASA00035574,05/02/2007,2007,"Fin del Mundo, Sonora",Sonora,Pitiquito,https://revistas.inah.gob.mx/index.php/senalesdehumo/article/download/16466/17502/34353,2007-0001,AT-25-070, Informe de la temporada de campo invierno 2007-2008 en el sitio Fin del Mundo de octubre a diciembre 2015,"Sánchez Miranda, María Guadalupe; Gains, Edmund; Vance T. Holliday, Vance; Carpenter, John P. ",INAH. Universidad de Arizona,,Prehistoria,"Resultados de la excavación de restos de dos proboscidios, un caballo y un conejo del Pleistoceno Tardío, en la temporada de campo, invierno 2007-2008 de  sitio denominado Fin del Mundo, localizado en el Municipio de Pitiquito, Sonora, como parte del proyecto Geoarqueología y Tecnología Lítica de los sitios paleoindios de Sonora.",mar-09,Instituto Nacional de Antropología e Historia,Investigadores,Textual. Papel,Archivo Nacional de Arqueología,2007-0001,2007-0008,Proyecto Geoarqueología y Tecnología lítica de los sitios Paleoindios de Sonora,"Sánchez Miranda, María Guadalupe; Gains, Edmund; Vance T. Holliday, Vance; Carpenter, John P.",temporada de campo invierno 2007-2015,Cultura Clovis,"Sitio Prehistórico Fin del Mundo, Sonora",Textual,El Fin del Mundo. A Clovis Site in Sonora México,"Holliday, Vance T.; Sánchez, Guadalupe; Sánchez Morales, Ismael; ","Holliday, Vance T.; Sánchez, Guadalupe; Sánchez Morales, Ismael; ","Editorial Raíces, S.A. de C.V.",Prehistoria,Libro,Página web: The University of Arizona Press,sep-24,Textual. Digital,https://uapress.arizona.edu/book/el-fin-del-mundo,"Editorial Raíces, S.A. de C.V.",AV-03-003,L-03-001,,Cultura Clovis,,Holoceno,6000 a 900 A.N.E.
"31°16'59""N 113°27'19""W",,"Fin del Mundo, Sonora",,México,MX,Sonora,Pitiquito,"Pleistoceno (13,300 años)",1AMA00020125,2ASA00035574,Chordata,Mammalia,Proboscidea,Gomphotheriidae †,Cuvieronius,INAH,SON:J:10:2 Fin del Mundo,INAH. Dirección de Registro Público de Monumentos y Zonas Arqueológicos e Históricos,INAH. Dirección de Registro Público de Monumentos y Zonas Arqueológicos e Históricos,,,05/02/2007,2007,"Fin del Mundo, Sonora",,Pitiquito,https://revistas.inah.gob.mx/index.php/senalesdehumo/article/download/16466/17502/34353,2007-0001,1AMA00020125,"Punta de proyectil  elaborada en cristal de cuarzo transparente, se localizó en la localidad 1 del sitio del Fin del Mundo. Los lasqueos que sirvieron para tallarla la convierten en un prisma que refleja y descompone la luz en colores similares a los del arco iris. (Arqueología Mexicana)",Pieza arqueológica,Artefacto. Punta de proyectil,Colección Arqueológica de la Subdirección de Laboratorios y Apoyo Académico,"Sitio Fin del Mundo, Sonora",3500-2100,AT-25-013,INAH,SON:J:10:2 Fin del Mundo,INAH. Dirección de Registro Público de Monumentos y Zonas Arqueológicos e Históricos,2ASA00035574,05/02/2007,2007,"Fin del Mundo, Sonora",Sonora,Pitiquito,https://revistas.inah.gob.mx/index.php/senalesdehumo/article/download/16466/17502/34353,2007-0001,AT-25-074,"Informe de las actividades realizadas en la temporada II 2008 en el Sitio Fin del Mundo, Sonora. Octubre de 2017","Sánchez Miranda, Guadalupe; Holliday, Vance T.; Sánchez Morales, Ismael; Gaines, Edmund 
",INAH. Universidad de Arizona,,Prehistoria,"Resultados de la excavación de huesos de mamut y otros proboscidios (caballo equus y tapir tapirus, gonfoterio), en contextos arqueológicos (restos de lítica) del  Pleistoceno Tardío en el  sitio denominado Fin del Mundo, localizado en el Municipio de Pitiquito, Sonora, durante la temporada de campo 2008-2009. Registro geocronológico, paleoambiental, edafológico del período de transición de la época de hielo a la época Holocénica, como parte del proyecto Geoarqueología y Tecnología Lítica de los sitios paleoindios de Sonora",2016,Instituto Nacional de Antropología e Historia,Investigadores,Textual. Papel,Archivo Nacional de Arqueología,2007-0001,2010-0008,"Proyecto Geoarqueología y Tecnología Lítica en el sitio Fin del Mundo, Sonora","Sánchez Miranda, María Guadalupe; Gains, Edmund; Vance T. Holliday, Vance; Carpenter, John P.",cinco temporadas 2010-2022,Prehistoria,"Sitio Prehistórico Fin del Mundo, Sonora",Audiovisual,Fin del Mundo,Fin del Mundo,"Arroyo, Joaquín; Sánchez, Guadalupe",INAH. Dirección de Medios,Prehistoria,Vídeo,Video que narra el descubrimiento de los restos del primer Gonfoterio hallados en la parte Norte del Continente Americano,2011,Imagen en movimiento. Digital,https://www.youtube.com/watch?v=HbRoi0G1m48,Instituto Nacional de Antropología e Historia (INAH),"Sitio Fin del Mundo, Sonora",AV-03-0001,Youtube: TVINAH,Prehistoria,,Holoceno,6000 a 900 A.N.E.
"31°16'59""N 113°27'19""W",,"Fin del Mundo, Sonora",,México,MX,Sonora,Pitiquito,"Pleistoceno (13,300 años)",1AMA00020125,2ASA00035574,Chordata,Mammalia,Proboscidea,Gomphotheriidae †,Cuvieronius,INAH,SON:J:10:2 Fin del Mundo,INAH. Dirección de Registro Público de Monumentos y Zonas Arqueológicos e Históricos,INAH. Dirección de Registro Público de Monumentos y Zonas Arqueológicos e Históricos,,,05/02/2007,2007,"Fin del Mundo, Sonora",,Pitiquito,https://revistas.inah.gob.mx/index.php/senalesdehumo/article/download/16466/17502/34353,2007-0001,1AMA00020125,"Punta de proyectil  elaborada en cristal de cuarzo transparente, se localizó en la localidad 1 del sitio del Fin del Mundo. Los lasqueos que sirvieron para tallarla la convierten en un prisma que refleja y descompone la luz en colores similares a los del arco iris. (Arqueología Mexicana)",Pieza arqueológica,Artefacto. Punta de proyectil,Colección Arqueológica de la Subdirección de Laboratorios y Apoyo Académico,"Sitio Fin del Mundo, Sonora",3500-2100,AT-25-013,INAH,SON:J:10:2 Fin del Mundo,INAH. Dirección de Registro Público de Monumentos y Zonas Arqueológicos e Históricos,2ASA00035574,05/02/2007,2007,"Fin del Mundo, Sonora",Sonora,Pitiquito,https://revistas.inah.gob.mx/index.php/senalesdehumo/article/download/16466/17502/34353,2007-0001,AT-25-078, Informe de la temporada de campo invierno 2007-2008 en el sitio Fin del Mundo de octubre a diciembre 2016,"Sánchez Miranda, María Guadalupe; Gains, Edmund; Vance T. Holliday, Vance; Carpenter, John P. ",INAH. Universidad de Arizona,,Prehistoria,"Resultados de la excavación de restos de dos proboscidios, un caballo y un conejo del Pleistoceno Tardío, en la temporada de campo, invierno 2007-2008 de  sitio denominado Fin del Mundo, localizado en el Municipio de Pitiquito, Sonora, como parte del proyecto Geoarqueología y Tecnología Lítica de los sitios paleoindios de Sonora.",abr-09,Instituto Nacional de Antropología e Historia,Investigadores,Textual. Papel,Archivo Nacional de Arqueología,2007-0001,2007-0009,Proyecto Geoarqueología y Tecnología lítica de los sitios Paleoindios de Sonora,"Sánchez Miranda, María Guadalupe; Gains, Edmund; Vance T. Holliday, Vance; Carpenter, John P.",temporada de campo invierno 2007-2016,Cultura Clovis,"Sitio Prehistórico Fin del Mundo, Sonora",Audiovisual,Puntas de proyectil clovis,Puntas de proyectil clovis,"Sánchez, Guadalupe; ",INAH. Dirección de Medios,Prehistoria,Vídeo,Hallazgo de tres puntas de proyectil Clovis de más de ocho mil años de antigüedad fueron halladas en Sonora,2011,Imagen en movimiento. Digital,https://www.youtube.com/watch?v=uTLHuZJZchQ,Instituto Nacional de Antropología e Historia (INAH),"Sitio Fin del Mundo, Sonora",AV-03-0002,Youtube: TVINAH,Cultura Clovis,,Holoceno,6000 a 900 A.N.E.
"31°16'59""N 113°27'19""W",,"Fin del Mundo, Sonora",,México,MX,Sonora,Pitiquito,"Pleistoceno (13,300 años)",1AMA00020125,2ASA00035574,Chordata,Mammalia,Proboscidea,Gomphotheriidae †,Cuvieronius,INAH,SON:J:10:2 Fin del Mundo,INAH. Dirección de Registro Público de Monumentos y Zonas Arqueológicos e Históricos,INAH. Dirección de Registro Público de Monumentos y Zonas Arqueológicos e Históricos,,,05/02/2007,2007,"Fin del Mundo, Sonora",,Pitiquito,https://revistas.inah.gob.mx/index.php/senalesdehumo/article/download/16466/17502/34353,2007-0001,1AMA00020125,"Punta de proyectil  elaborada en cristal de cuarzo transparente, se localizó en la localidad 1 del sitio del Fin del Mundo. Los lasqueos que sirvieron para tallarla la convierten en un prisma que refleja y descompone la luz en colores similares a los del arco iris. (Arqueología Mexicana)",Pieza arqueológica,Artefacto. Punta de proyectil,Colección Arqueológica de la Subdirección de Laboratorios y Apoyo Académico,"Sitio Fin del Mundo, Sonora",3500-2100,AT-25-013,INAH,SON:J:10:2 Fin del Mundo,INAH. Dirección de Registro Público de Monumentos y Zonas Arqueológicos e Históricos,2ASA00035574,05/02/2007,2007,"Fin del Mundo, Sonora",Sonora,Pitiquito,https://revistas.inah.gob.mx/index.php/senalesdehumo/article/download/16466/17502/34353,2007-0001,AT-25-082,"Informe de las actividades realizadas en la temporada II 2008 en el Sitio Fin del Mundo, Sonora. Octubre de 2018","Sánchez Miranda, Guadalupe; Holliday, Vance T.; Sánchez Morales, Ismael; Gaines, Edmund 
",INAH. Universidad de Arizona,,Prehistoria,"Resultados de la excavación de huesos de mamut y otros proboscidios (caballo equus y tapir tapirus, gonfoterio), en contextos arqueológicos (restos de lítica) del  Pleistoceno Tardío en el  sitio denominado Fin del Mundo, localizado en el Municipio de Pitiquito, Sonora, durante la temporada de campo 2008-2009. Registro geocronológico, paleoambiental, edafológico del período de transición de la época de hielo a la época Holocénica, como parte del proyecto Geoarqueología y Tecnología Lítica de los sitios paleoindios de Sonora",2017,Instituto Nacional de Antropología e Historia,Investigadores,Textual. Papel,Archivo Nacional de Arqueología,2007-0001,2010-0009,"Proyecto Geoarqueología y Tecnología Lítica en el sitio Fin del Mundo, Sonora","Sánchez Miranda, María Guadalupe; Gains, Edmund; Vance T. Holliday, Vance; Carpenter, John P.",cinco temporadas 2010-2023,Prehistoria,"Sitio Prehistórico Fin del Mundo, Sonora",Audiovisual,El fin del mundo: donde los antropólogos y los fósiles se encuentran,El fin del mundo: donde los antropólogos y los fósiles se encuentran,"Mastache, Guadalupe",INAH. Consejo de Paleontología,Prehistoria,Vídeo,"Conferencia realizada en el marco de ciclo de conferencias denominado ""Los fósiles que nos unen: el patrimonio paleontológico de Sonora""", 26 de agosto de 2021,Imagen en movimiento. Digital,https://www.youtube.com/watch?v=L2gUE3CsaNs,Instituto Nacional de Antropología e Historia (INAH),AT-25-013,AV-03-003,Youtube: TVINAH,Prehistoria,,Holoceno,6000 a 900 A.N.E.
"31°16'59""N 113°27'19""W",,"Fin del Mundo, Sonora",,México,MX,Sonora,Pitiquito,"Pleistoceno (13,300 años)",1AMA00020125,2ASA00035574,Chordata,Mammalia,Proboscidea,Gomphotheriidae †,Cuvieronius,INAH,SON:J:10:2 Fin del Mundo,INAH. Dirección de Registro Público de Monumentos y Zonas Arqueológicos e Históricos,INAH. Dirección de Registro Público de Monumentos y Zonas Arqueológicos e Históricos,,,05/02/2007,2007,"Fin del Mundo, Sonora",,Pitiquito,https://revistas.inah.gob.mx/index.php/senalesdehumo/article/download/16466/17502/34353,2007-0001,1AMA00020125,"Punta de proyectil  elaborada en cristal de cuarzo transparente, se localizó en la localidad 1 del sitio del Fin del Mundo. Los lasqueos que sirvieron para tallarla la convierten en un prisma que refleja y descompone la luz en colores similares a los del arco iris. (Arqueología Mexicana)",Pieza arqueológica,Artefacto. Punta de proyectil,Colección Arqueológica de la Subdirección de Laboratorios y Apoyo Académico,"Sitio Fin del Mundo, Sonora",3500-2100,AT-25-013,INAH,SON:J:10:2 Fin del Mundo,INAH. Dirección de Registro Público de Monumentos y Zonas Arqueológicos e Históricos,2ASA00035574,05/02/2007,2007,"Fin del Mundo, Sonora",Sonora,Pitiquito,https://revistas.inah.gob.mx/index.php/senalesdehumo/article/download/16466/17502/34353,2007-0001,AT-25-086, Informe de la temporada de campo invierno 2007-2008 en el sitio Fin del Mundo de octubre a diciembre 2017,"Sánchez Miranda, María Guadalupe; Gains, Edmund; Vance T. Holliday, Vance; Carpenter, John P. ",INAH. Universidad de Arizona,,Prehistoria,"Resultados de la excavación de restos de dos proboscidios, un caballo y un conejo del Pleistoceno Tardío, en la temporada de campo, invierno 2007-2008 de  sitio denominado Fin del Mundo, localizado en el Municipio de Pitiquito, Sonora, como parte del proyecto Geoarqueología y Tecnología Lítica de los sitios paleoindios de Sonora.",may-09,Instituto Nacional de Antropología e Historia,Investigadores,Textual. Papel,Archivo Nacional de Arqueología,2007-0001,2007-0010,Proyecto Geoarqueología y Tecnología lítica de los sitios Paleoindios de Sonora,"Sánchez Miranda, María Guadalupe; Gains, Edmund; Vance T. Holliday, Vance; Carpenter, John P.",temporada de campo invierno 2007-2017,Cultura Clovis,"Sitio Prehistórico Fin del Mundo, Sonora",Audiovisual,Lanzas y elefantes en Sonora. Entrevista con la Dra. Guadalupe Sánchez,Lanzas y elefantes en Sonora. Entrevista con la Dra. Guadalupe Sánchez,"Early Capistrán, Michelle María",Latinamericanscience.org,Prehistoria,Página web,"Entrevista realizada a la Dra. Guadalupe Sánchez, especialista en las culturas de cazadores-recolectores del Norte de México, realizada por Michelle María Early Capistrán",2013,Contenido multimedia,https://latinamericanscience.org/findelmundo,"Discus. Early Capistran, Michelle María",AT-25-018,PW-03-001,WordlPress.com,Cultura Clovis,,Holoceno,6000 a 900 A.N.E.
"31°16'59""N 113°27'19""W",,"Fin del Mundo, Sonora",,México,MX,Sonora,Pitiquito,"Pleistoceno (13,300 años)",1AMA00020125,2ASA00035574,Chordata,Mammalia,Proboscidea,Gomphotheriidae †,Cuvieronius,INAH,SON:J:10:2 Fin del Mundo,INAH. Dirección de Registro Público de Monumentos y Zonas Arqueológicos e Históricos,INAH. Dirección de Registro Público de Monumentos y Zonas Arqueológicos e Históricos,,,05/02/2007,2007,"Fin del Mundo, Sonora",,Pitiquito,https://revistas.inah.gob.mx/index.php/senalesdehumo/article/download/16466/17502/34353,2007-0001,1AMA00020125,"Punta de proyectil  elaborada en cristal de cuarzo transparente, se localizó en la localidad 1 del sitio del Fin del Mundo. Los lasqueos que sirvieron para tallarla la convierten en un prisma que refleja y descompone la luz en colores similares a los del arco iris. (Arqueología Mexicana)",Pieza arqueológica,Artefacto. Punta de proyectil,Colección Arqueológica de la Subdirección de Laboratorios y Apoyo Académico,"Sitio Fin del Mundo, Sonora",3500-2100,AT-25-013,INAH,SON:J:10:2 Fin del Mundo,INAH. Dirección de Registro Público de Monumentos y Zonas Arqueológicos e Históricos,2ASA00035574,05/02/2007,2007,"Fin del Mundo, Sonora",Sonora,Pitiquito,https://revistas.inah.gob.mx/index.php/senalesdehumo/article/download/16466/17502/34353,2007-0001,AT-25-090,"Informe de las actividades realizadas en la temporada II 2008 en el Sitio Fin del Mundo, Sonora. Octubre de 2019","Sánchez Miranda, Guadalupe; Holliday, Vance T.; Sánchez Morales, Ismael; Gaines, Edmund 
",INAH. Universidad de Arizona,,Prehistoria,"Resultados de la excavación de huesos de mamut y otros proboscidios (caballo equus y tapir tapirus, gonfoterio), en contextos arqueológicos (restos de lítica) del  Pleistoceno Tardío en el  sitio denominado Fin del Mundo, localizado en el Municipio de Pitiquito, Sonora, durante la temporada de campo 2008-2009. Registro geocronológico, paleoambiental, edafológico del período de transición de la época de hielo a la época Holocénica, como parte del proyecto Geoarqueología y Tecnología Lítica de los sitios paleoindios de Sonora",2018,Instituto Nacional de Antropología e Historia,Investigadores,Textual. Papel,Archivo Nacional de Arqueología,2007-0001,2010-0010,"Proyecto Geoarqueología y Tecnología Lítica en el sitio Fin del Mundo, Sonora","Sánchez Miranda, María Guadalupe; Gains, Edmund; Vance T. Holliday, Vance; Carpenter, John P.",cinco temporadas 2010-2024,Prehistoria,"Sitio Prehistórico Fin del Mundo, Sonora",Audiovisual,"El Fin del Mundo, Sonora, México","El Fin del Mundo, Sonora, México","Holliday, Vance",Arizona University,Prehistoria,Página web,"Resumen del proyecto ejecutado por la Universidad de Arizona en el sitio: Argonaut, Archaeological Research Fund",2023,Contenido multimedia,https://argonaut.arizona.edu/content/11,Universidad de Arizona,AT-25-018,PW-03-002,Archaeological Research Fund,Prehistoria,,Holoceno,6000 a 900 A.N.E.
"31°16'59""N 113°27'19""W",,"Fin del Mundo, Sonora",,México,MX,Sonora,Pitiquito,"Pleistoceno (13,300 años)",1AMA00020125,2ASA00035574,Chordata,Mammalia,Proboscidea,Gomphotheriidae †,Cuvieronius,INAH,SON:J:10:2 Fin del Mundo,INAH. Dirección de Registro Público de Monumentos y Zonas Arqueológicos e Históricos,INAH. Dirección de Registro Público de Monumentos y Zonas Arqueológicos e Históricos,,,05/02/2007,2007,"Fin del Mundo, Sonora",,Pitiquito,https://revistas.inah.gob.mx/index.php/senalesdehumo/article/download/16466/17502/34353,2007-0001,1AMA00020125,"Punta de proyectil  elaborada en cristal de cuarzo transparente, se localizó en la localidad 1 del sitio del Fin del Mundo. Los lasqueos que sirvieron para tallarla la convierten en un prisma que refleja y descompone la luz en colores similares a los del arco iris. (Arqueología Mexicana)",Pieza arqueológica,Artefacto. Punta de proyectil,Colección Arqueológica de la Subdirección de Laboratorios y Apoyo Académico,"Sitio Fin del Mundo, Sonora",3500-2100,AT-25-013,INAH,SON:J:10:2 Fin del Mundo,INAH. Dirección de Registro Público de Monumentos y Zonas Arqueológicos e Históricos,2ASA00035574,05/02/2007,2007,"Fin del Mundo, Sonora",Sonora,Pitiquito,https://revistas.inah.gob.mx/index.php/senalesdehumo/article/download/16466/17502/34353,2007-0001,AT-25-094, Informe de la temporada de campo invierno 2007-2008 en el sitio Fin del Mundo de octubre a diciembre 2018,"Sánchez Miranda, María Guadalupe; Gains, Edmund; Vance T. Holliday, Vance; Carpenter, John P. ",INAH. Universidad de Arizona,,Prehistoria,"Resultados de la excavación de restos de dos proboscidios, un caballo y un conejo del Pleistoceno Tardío, en la temporada de campo, invierno 2007-2008 de  sitio denominado Fin del Mundo, localizado en el Municipio de Pitiquito, Sonora, como parte del proyecto Geoarqueología y Tecnología Lítica de los sitios paleoindios de Sonora.",jun-09,Instituto Nacional de Antropología e Historia,Investigadores,Textual. Papel,Archivo Nacional de Arqueología,2007-0001,2007-0011,Proyecto Geoarqueología y Tecnología lítica de los sitios Paleoindios de Sonora,"Sánchez Miranda, María Guadalupe; Gains, Edmund; Vance T. Holliday, Vance; Carpenter, John P.",temporada de campo invierno 2007-2018,Cultura Clovis,"Sitio Prehistórico Fin del Mundo, Sonora",Audiovisual,Fin del Mundo Sonora Pleistoceno,Fin del Mundo Sonora Pleistoceno,"Dávalos, Luis Arturo",Deviant Art,Prehistoria,Imagen,Dibujo digital,2018,Imagen. Digital,https://www.deviantart.com/ladalbarran2001/art/Fin-del-Mundo-Sonora-Pleistoceno-992663061,"Deviant Art. Dávalos, Luis Arturo","Sitio Fin del Mundo, Sonora",I-03-001,Deviant Art,Prehistoria,,Pleistoceno,"2.59 millones de años-10,000 A.N.E."
"31°16'59""N 113°27'19""W",,"Fin del Mundo, Sonora",,México,MX,Sonora,Pitiquito,"Pleistoceno (13,300 años)",1AMA00020125,2ASA00035574,Chordata,Mammalia,Proboscidea,Gomphotheriidae †,Cuvieronius,INAH,SON:J:10:2 Fin del Mundo,INAH. Dirección de Registro Público de Monumentos y Zonas Arqueológicos e Históricos,INAH. Dirección de Registro Público de Monumentos y Zonas Arqueológicos e Históricos,,,05/02/2007,2007,"Fin del Mundo, Sonora",,Pitiquito,https://revistas.inah.gob.mx/index.php/senalesdehumo/article/download/16466/17502/34353,2007-0001,1AMA00020125,"Punta de proyectil  elaborada en cristal de cuarzo transparente, se localizó en la localidad 1 del sitio del Fin del Mundo. Los lasqueos que sirvieron para tallarla la convierten en un prisma que refleja y descompone la luz en colores similares a los del arco iris. (Arqueología Mexicana)",Pieza arqueológica,Artefacto. Punta de proyectil,Colección Arqueológica de la Subdirección de Laboratorios y Apoyo Académico,"Sitio Fin del Mundo, Sonora",3500-2100,AT-25-013,INAH,SON:J:10:2 Fin del Mundo,INAH. Dirección de Registro Público de Monumentos y Zonas Arqueológicos e Históricos,2ASA00035574,05/02/2007,2007,"Fin del Mundo, Sonora",Sonora,Pitiquito,https://revistas.inah.gob.mx/index.php/senalesdehumo/article/download/16466/17502/34353,2007-0001,AT-25-098,"Informe de las actividades realizadas en la temporada II 2008 en el Sitio Fin del Mundo, Sonora. Octubre de 2020","Sánchez Miranda, Guadalupe; Holliday, Vance T.; Sánchez Morales, Ismael; Gaines, Edmund 
",INAH. Universidad de Arizona,,Prehistoria,"Resultados de la excavación de huesos de mamut y otros proboscidios (caballo equus y tapir tapirus, gonfoterio), en contextos arqueológicos (restos de lítica) del  Pleistoceno Tardío en el  sitio denominado Fin del Mundo, localizado en el Municipio de Pitiquito, Sonora, durante la temporada de campo 2008-2009. Registro geocronológico, paleoambiental, edafológico del período de transición de la época de hielo a la época Holocénica, como parte del proyecto Geoarqueología y Tecnología Lítica de los sitios paleoindios de Sonora",2019,Instituto Nacional de Antropología e Historia,Investigadores,Textual. Papel,Archivo Nacional de Arqueología,2007-0001,2010-0011,"Proyecto Geoarqueología y Tecnología Lítica en el sitio Fin del Mundo, Sonora","Sánchez Miranda, María Guadalupe; Gains, Edmund; Vance T. Holliday, Vance; Carpenter, John P.",cinco temporadas 2010-2025,Prehistoria,"Sitio Prehistórico Fin del Mundo, Sonora",Audiovisual,Punta Clovis,Punta Clovis,"Marat, Mauricio",INAH. Dirección de Medios,Prehistoria,Fotografía,"Fotografía de una punta clovis de cristal de cuarzo transparente a través de los rayos del sol, hallada en el sitio Fin del Mundo, Sonora",09/09/2022,Imagen. Digital,https://inah.gob.mx/foto-del-dia/punta-clovis,Instituto Nacional de Antropología e Historia (INAH),"Sitio Fin del Mundo, Sonora",F-03-001,Página web oficial: INAH,Cultura Clovis,,Holoceno,6000 a 900 A.N.E.
"31°16'59""N 113°27'19""W",,"Fin del Mundo, Sonora",,México,MX,Sonora,Pitiquito,"Pleistoceno (13,300 años)",1AMA00020125,2ASA00035574,Chordata,Mammalia,Proboscidea,Gomphotheriidae †,Cuvieronius,INAH,SON:J:10:2 Fin del Mundo,INAH. Dirección de Registro Público de Monumentos y Zonas Arqueológicos e Históricos,INAH. Dirección de Registro Público de Monumentos y Zonas Arqueológicos e Históricos,,,05/02/2007,2007,"Fin del Mundo, Sonora",,Pitiquito,https://revistas.inah.gob.mx/index.php/senalesdehumo/article/download/16466/17502/34353,2007-0001,1AMA00020125,"Punta de proyectil  elaborada en cristal de cuarzo transparente, se localizó en la localidad 1 del sitio del Fin del Mundo. Los lasqueos que sirvieron para tallarla la convierten en un prisma que refleja y descompone la luz en colores similares a los del arco iris. (Arqueología Mexicana)",Pieza arqueológica,Artefacto. Punta de proyectil,Colección Arqueológica de la Subdirección de Laboratorios y Apoyo Académico,"Sitio Fin del Mundo, Sonora",3500-2100,AT-25-013,INAH,SON:J:10:2 Fin del Mundo,INAH. Dirección de Registro Público de Monumentos y Zonas Arqueológicos e Históricos,2ASA00035574,05/02/2007,2007,"Fin del Mundo, Sonora",Sonora,Pitiquito,https://revistas.inah.gob.mx/index.php/senalesdehumo/article/download/16466/17502/34353,2007-0001,AT-25-102, Informe de la temporada de campo invierno 2007-2008 en el sitio Fin del Mundo de octubre a diciembre 2019,"Sánchez Miranda, María Guadalupe; Gains, Edmund; Vance T. Holliday, Vance; Carpenter, John P. ",INAH. Universidad de Arizona,,Prehistoria,"Resultados de la excavación de restos de dos proboscidios, un caballo y un conejo del Pleistoceno Tardío, en la temporada de campo, invierno 2007-2008 de  sitio denominado Fin del Mundo, localizado en el Municipio de Pitiquito, Sonora, como parte del proyecto Geoarqueología y Tecnología Lítica de los sitios paleoindios de Sonora.",jul-09,Instituto Nacional de Antropología e Historia,Investigadores,Textual. Papel,Archivo Nacional de Arqueología,2007-0001,2007-0012,Proyecto Geoarqueología y Tecnología lítica de los sitios Paleoindios de Sonora,"Sánchez Miranda, María Guadalupe; Gains, Edmund; Vance T. Holliday, Vance; Carpenter, John P.",temporada de campo invierno 2007-2019,Cultura Clovis,"Sitio Prehistórico Fin del Mundo, Sonora",Audiovisual,Los debates sobre el hueso modificado e instrumentos líticos del Pleistoceno final y el Holoceno temprano,Los debates sobre el hueso modificado e instrumentos líticos del Pleistoceno final y el Holoceno temprano,"Sánchez, Guadalupe; Sánchez-Morales, Ismael",Arizona University,Prehistoria,Video,Conferencia realizada en el marco del Seminario Relaciones Hombre-Fauna 2021,nov-21,Imagen en movimiento. Digital,https://www.youtube.com/watch?v=w7hRE16Y-9Y,Instituto Nacional de Antropología e Historia (INAH),AT-25-018,AV-003-004,Youtube: TVINAH,Cultura Clovis,,Pleistoceno,"2.59 millones de años-10,000 A.N.E."
